{"cameraMode":{"drawMode":0,"name":"Shaded","section":"Shading Mode"},"sceneLighting":true,"audioPlay":false,"sceneViewState":{"showFog":false,"showMaterialUpdate":false,"showSkybox":false,"showFlares":false,"showImageEffects":false,"showParticleSystems":false},"in2DMode":false,"pivot":{"x":-207.14865112304688,"y":652.5341186523438,"z":-20.244922637939454},"rotation":{"x":-0.6519593000411987,"y":0.03906850516796112,"z":-0.033669114112854007,"w":-0.7565012574195862},"size":-4.272106647491455,"orthographic":false}